,topic_name,stationary_prob_woman,,stationary_prob_man,,,ratio
0,camp selections,0.078118176,0.981712708,0.072897114,1.052025269,0.076689606,0.933164571
1,camp intake procedures,0.062288011,1.231209746,0.057307434,1.338213934,,0.920039551
2,camp living conditions,0.044540172,1.721807591,0.031219263,2.456483546,,0.700923723
3,mass murder awareness,0.031351332,2.446135517,0.030524714,2.51237752,,0.973633739
4,camp food,0.031173643,2.460078386,0.027291677,2.809999755,,0.875472812
5,camp Appell,0.024685268,3.106695299,0.014714839,5.211718957,,0.59609801
6,loved ones' separations,0.024173813,3.172424897,0.017935724,4.275802024,,0.7419485
7,camp adaptation methods,0.023145534,3.313365171,0.023708194,3.234729954,,1.02430967
8,camp first impressions,0.021330723,3.595265229,0.023429504,3.273206499,,1.098392426
9,camp housing conditions,0.019733552,3.886254499,0.016817493,4.560109323,,0.852228362
10,camp forced labor,0.019216096,3.990904538,0.023640409,3.244005015,,1.230239941
11,transfer from camps,0.018662988,4.109181561,0.019489836,3.934851309,,1.044304153
12,"Mengele, Josef",0.01799836,4.260921797,0.013508131,5.677292032,,0.750520102
13,camp family interactions,0.015557074,4.929564762,0.010266563,7.469842133,,0.659928908
14,transfer to camps,0.014908269,5.144098751,0.015591929,4.918545195,,1.045857779
15,extended family members,0.014192502,5.403529522,0.009217167,8.320300828,,0.649439201
16,camp-related aid giving,0.014683322,5.222905738,0.013224097,5.799232179,,0.900620216
17,loved ones' fates,0.013585376,5.645011609,0.01446575,5.301460812,,1.064803044
18,camp social relations,0.012030793,6.374442898,0.010595896,7.237670524,,0.88073129
19,prisoner tattoos (stills),0.011878396,6.456225701,0.016983583,4.515514074,,1.429787527
20,BlockÌ_lteste,0.01090011,7.0356726,0.005446542,14.08042086,,0.49967772
21,camp sanitary conditions,0.010423161,7.357614763,0.004810913,15.94076087,,0.461559823
22,prisoner tattoos,0.009799357,7.825983431,0.0120544,6.361959368,,1.230121568
23,camp brutal treatment,0.00960168,7.987102795,0.011575684,6.625060228,,1.205589462
24,camp clothing,0.009596304,7.991577445,0.005384692,14.24215239,,0.561121467
25,loved ones' final contacts,0.00936562,8.188417289,0.008269013,9.274335739,,0.882911458
26,camp procedures,0.008836932,8.678306861,0.008532647,8.987786248,,0.965566673
27,SS/SD personnel,0.007913285,9.691247437,0.011157436,6.873407356,,1.409962619
28,camp barracks,0.007163701,10.705305,0.00776458,9.876851696,,1.083878278
29,deportation to camps,0.007083953,10.82582088,0.0079396,9.659126796,,1.120786704
30,camp punishments,0.006838757,11.21396898,0.006125546,12.51963607,,0.89571046
31,camp-related psychological reactions,0.006482458,11.83032894,0.00691006,11.09825422,,1.065963052
32,camp prisoner physical conditions,0.006421495,11.94263977,0.003941501,19.45695409,,0.613798013
33,Jewish prisoners,0.006223631,12.32232495,0.007806329,9.824029363,,1.254304572
34,transfer procedures,0.00564973,13.57402911,0.002984256,25.69806192,,0.528212172
35,camp diseases,0.005619123,13.64796641,0.003243442,23.64451397,,0.577214927
36,beatings,0.005530441,13.8668167,0.008537571,8.9826025,,1.543741549
37,camp food acquisition,0.004680436,16.38514295,0.005628707,13.62472969,,1.202603158
38,"transfers, means of transport",0.004672985,16.41126626,0.004884691,15.6999899,,1.045304256
39,loved ones' renewed contacts,0.004631946,16.55667178,0.002745335,27.93451616,,0.592695849
40,freight trains,0.004538761,16.89659383,0.004894532,15.66842561,,1.078384915
41,survival explanations,0.004310636,17.79078704,0.00588095,13.0403438,,1.364288191
42,camp childbearing,0.00430909,17.79717116,9.17E-05,836.6580408,,0.021271739
43,female prisoners,0.004256397,18.01749175,0.002487963,30.82425202,,0.584523243
44,camp crematoria,0.004244499,18.0680015,0.006561554,11.68772076,,1.545896063
45,preferential treatment,0.004105227,18.68096594,0.004140842,18.52029372,,1.008675468
46,politico-military event awareness,0.004020976,19.07238548,0.004778619,16.04848787,,1.188422588
47,camp children,0.003990545,19.21782963,0.007083941,10.82583945,,1.775181474
48,camp environmental conditions,0.003835883,19.99268828,0.001898491,40.39504142,,0.494929268
49,sisters,0.003815151,20.10132915,0.001454092,52.74055598,,0.381136087
50,camp menstruation,0.003764359,20.37255413,1.89E-05,4058.187338,,0.005020112
51,camp humiliation,0.003722293,20.60278873,0.002718122,28.21418834,,0.730227944
52,camp hiding and evasion,0.003722209,20.60325328,0.00460266,16.66201987,,1.236539954
53,prisoner external contact,0.003526503,21.74664616,0.003061085,25.05308103,,0.868022824
54,food additives,0.00351075,21.84422483,0.000155919,491.8557691,,0.04441185
55,camp shoes,0.003469307,22.10516635,0.003442986,22.27415866,,0.992413078
56,camp showers,0.003397737,22.57079228,0.002052045,37.37227669,,0.603944803
57,forced marches,0.003285582,23.34125542,0.003412086,22.47587159,,1.038502793
58,camp latrines,0.003277069,23.40189016,0.002288198,33.51528788,,0.698245238
59,friends,0.004043103,18.96800572,0.002387554,32.12057928,,0.59052502
60,Roma prisoners,0.00323905,23.67657592,0.008227031,9.321662549,,2.539952052
61,camp hospitals,0.003153508,24.31882414,0.002563926,29.91100812,,0.813039268
62,camp daily services forced labor,0.003138746,24.43319578,0.003492292,21.9596804,,1.112638952
63,sustenance provision,0.003118434,24.59234775,0.003146885,24.37000538,,1.009123608
64,camp medical care,0.003114442,24.62386628,0.002447589,31.33271653,,0.785883543
65,camp food sharing,0.003223453,23.79113881,0.002653258,28.90393687,,0.823110669
66,camp corpses,0.003027951,25.32722508,0.003880345,19.7636053,,1.281508343
67,Holocaust-related psychological reactions,0.00301283,25.4543408,0.002363755,32.44397334,,0.784562992
68,Jewish kapos,0.002816354,27.23009717,0.002581046,29.71261212,,0.916449118
69,Polish prisoners,0.002753246,27.85425015,0.002557881,29.98169854,,0.929041766
70,transfer conditions,0.002741413,27.97447975,0.003513771,21.82544048,,1.281737236
71,personal property sorting forced labor,0.00272817,28.11027099,0.001336043,57.40053457,,0.489721415
72,warnings,0.002712083,28.27701206,0.00279179,27.46968971,,1.02938957
73,camp deaths,0.002706133,28.33918076,0.001960249,39.12237525,,0.724372704
74,camp orchestras,0.002704684,28.35437081,0.002033076,37.72098123,,0.751686989
75,camp populations,0.002653813,28.89789864,0.004048596,18.94227095,,1.525577304
76,camp hunger,0.002579222,29.73361636,0.002338315,32.79694926,,0.906597017
77,camp killings,0.002576172,29.76882194,0.004374047,17.53287233,,1.697886198
78,kapos,0.002565078,29.89757654,0.007882636,9.728928526,,3.073059532
79,camp Jewish religious observances,0.002533176,30.2740888,0.00209885,36.53887804,,0.828544565
80,camp medical experiments,0.002532774,30.27889831,0.003420473,22.42076362,,1.350484703
81,loved ones' contacts,0.002485795,30.85114368,0.002132178,35.96773044,,0.857745076
82,camp cultural activities,0.002438111,31.45451491,0.001270443,60.36446623,,0.521076668
83,camp suicides,0.002416738,31.7326889,0.003242073,23.6544975,,1.341507631
84,perpetrator deceptions,0.002364246,32.43723945,0.002492739,30.76519581,,1.054348545
85,Jewish prisoner functionaries,0.002259506,33.94086793,0.002384324,32.16408298,,1.055241275
86,prisoners,0.002237705,34.27154322,0.002979475,25.73930596,,1.331486687
87,camp stealing,0.002199778,34.86242798,0.0020539,37.338534,,0.93368497
88,forced march conditions,0.002195347,34.93279626,0.00224838,34.10882818,,1.024157033
89,female kapos,0.00219054,35.00945938,7.09E-05,1082.106879,,0.032353051
90,German concentration camps (generic),0.00219031,35.01312832,0.001647802,46.54053745,,0.752314654
91,camp uniforms,0.002177306,35.22224598,0.004928505,15.56041961,,2.263579445
92,Holocaust faith issues,0.001979034,38.75103881,0.002365102,32.42549485,,1.195079334
93,camp rumors,0.001927177,39.79375519,0.001591644,48.18264374,,0.825893976
94,forced labor conditions,0.001897321,40.41994443,0.002566069,29.88602657,,1.352469668
95,camp executions,0.001871274,40.9825596,0.003217315,23.83652497,,1.719317713
96,Hungarian prisoners,0.001851569,41.41871577,0.001724266,44.47666883,,0.931245906
97,perpetrator liberator-approach responses,0.001836532,41.75784635,0.002714843,28.24826834,,1.478244466
98,German camp guards,0.00182364,42.0530361,0.001420042,54.00515881,,0.778685537
99,post-World War II reflections,0.001789382,42.8581637,0.002744176,27.94631167,,1.53358927
100,German soldiers,0.001782673,43.01944147,0.001932493,39.68427728,,1.084042458
101,camp covert communications,0.001741574,44.03466448,0.001514277,50.6443804,,0.869487673
102,camp barter,0.001725903,44.43447142,0.002521723,30.41159502,,1.461102957
103,camp thirst,0.00172517,44.45336818,0.000665157,115.2955014,,0.385560301
104,bombardments,0.001636528,46.86116701,0.002252331,34.0489914,,1.376286495
105,camp corpse cremations,0.001627116,47.13223837,0.002049815,37.41293515,,1.259784568
106,"Grese, Irma",0.001613825,47.52039628,1.19E-12,64580793198,,7.35829E-10
107,gas chambers,0.001531933,50.06067014,0.002170889,35.32636665,,1.417090827
108,prisoner functionaries,0.001523449,50.33947402,0.002792287,27.46480251,,1.832872237
109,death marches,0.001493003,51.36600232,0.001977889,38.77347054,,1.324771851
110,German camp personnel,0.001490734,51.44418248,0.001134935,67.57177497,,0.761326493
111,camp injuries,0.001471936,52.10116605,0.001479927,51.81984465,,1.005428835
112,twins in the camps,0.001449418,52.91063509,0.003457184,22.18267765,,2.385223098
113,deportation from ghettos,0.00144419,53.1021474,0.001458371,52.58578842,,1.009819364
114,deportation awareness,0.001377798,55.66100097,0.001605013,47.78130305,,1.164911742
115,camp prisoner marking,0.001375464,55.75546239,0.001938772,39.55576468,,1.409540754
116,camp quarantines,0.001367537,56.07863836,0.003449503,22.23207328,,2.522420544
117,camp liberation,0.001360096,56.38545527,0.001470665,52.14619499,,1.081295678
118,camp covert activities,0.001348963,56.85080435,0.002210421,34.69457525,,1.638607878
119,camp personal property seizure,0.001311849,58.45916297,0.005164877,14.84829158,,3.937096915
120,bereavement-related psychological reactions,0.001310505,58.51910296,0.000754577,101.6325827,,0.575790769
121,LagerÌ_lteste,0.001272661,60.25927777,0.000711993,107.7111841,,0.559452375
122,Soviet soldiers,0.001244415,61.62705193,0.001237042,61.9943282,,0.994075647
123,age deceptions,0.001227177,62.49268035,0.00186716,41.07286791,,1.521507592
124,camp time awareness,0.001220901,62.81392278,0.000802673,95.54276814,,0.657442986
125,camp mass executions,0.001165445,65.80284927,0.002886638,26.56710094,,2.476854717
126,transfer preparations,0.001154703,66.41499768,0.000705023,108.7760365,,0.610566443
127,female prisoner functionaries,0.001098485,69.81396458,1.42E-05,5409.117709,,0.012906719
128,quarry forced labor,0.001093977,70.10169014,0.001076318,71.25182274,,0.983858201
129,tracing loved ones,0.001091784,70.24247269,0.001272798,60.25274783,,1.165797001
130,male prisoners,0.00108585,70.6263641,0.000629206,121.8830638,,0.579460032
131,deportation conditions,0.001080512,70.97523487,0.001191152,64.382734,,1.102395479
132,Polish kapos,0.001072124,71.53053811,0.001827168,41.97185003,,1.704250302
133,post-conflict persecution site visits,0.001056803,72.56757672,0.001512447,50.7056449,,1.431153807
134,armament forced labor,0.001052513,72.86334532,0.000843472,90.9213681,,0.801388572
135,human soap rumors,0.001043299,73.50686658,0.000883318,86.81995418,,0.846658666
136,brothers,0.001029035,74.52576708,0.001504388,50.97726531,,1.461941252
137,Yom Kippur,0.001025996,74.74651179,0.000859018,89.27590589,,0.837252908
138,future message,0.001008955,76.00895024,0.001326959,57.79350455,,1.315181539
139,female camp guards,0.000963714,79.57713352,0.000122843,624.2891483,,0.127468391
140,hiding valuables,0.000944987,81.15416348,0.001276457,60.08006439,,1.350766919
141,loved ones' togetherness decisions,0.000944351,81.20875313,0.00043091,177.971205,,0.456302766
142,textiles and garment forced labor,0.000943388,81.29172732,0.000153095,500.9280829,,0.162282232
143,prisoner doctors,0.000935886,81.94332689,0.001115169,68.76946419,,1.191565586
144,hangings,0.000935654,81.96362347,0.001886368,40.65464719,,2.016094816
145,StubenÌ_lteste,0.000928906,82.55904404,0.000539202,142.2279096,,0.580470066
146,loved ones' deaths,0.000891277,86.04465514,0.000885764,86.58018027,,0.993814691
147,camp Jewish prayers,0.000888095,86.35297362,0.002293027,33.44470248,,2.581962679
148,aborted killings,0.000867386,88.41459787,0.000481881,159.1462701,,0.555555577
149,health deceptions,0.000865523,88.60491738,0.0006379,120.2219333,,0.737011251
150,Jewish persecution bystander responses,0.000845337,90.72069901,0.000892661,85.91121614,,1.055982014
151,trains,0.000839867,91.31161142,0.000679461,112.8683248,,0.809010071
152,clothing provision,0.000834902,91.85459068,0.000521706,146.9978121,,0.624870461
153,"deportations, means of transport",0.000825866,92.85961764,0.001006102,76.2244631,,1.218239052
154,Slovak prisoners,0.000823002,93.18273053,0.000232159,330.3322946,,0.282087861
155,camp blood extraction,0.000819901,93.53521952,0.000120062,638.7489939,,0.146435017
156,forced correspondence,0.000819863,93.53955533,0.000796084,96.33350732,,0.970997091
157,musical recitals,0.00081246,94.39185518,0.000609483,125.8272452,,0.750170244
158,post-liberation camp/ghetto transition,0.000797687,96.14001826,0.000836865,91.63918126,,1.049114767
159,friendships,0.000782765,97.97274793,0.000515925,148.6448078,,0.659106425
160,Czech prisoners,0.000767981,99.85875779,0.000427403,179.4316843,,0.556528008
161,Sonderkommando prisoners,0.000767423,99.93136517,0.003351729,22.88061197,,4.367512779
162,Czechoslovak prisoners,0.000763209,100.4831368,0.000723312,106.0256286,,0.947724981
163,camp personnel,0.000762903,100.5233968,0.000900309,85.18146617,,1.180108788
164,child killings,0.000757414,101.2518767,0.000648912,118.1818657,,0.856746305
165,Polish prisoner functionaries,0.000757383,101.2561093,0.000894938,85.69263353,,1.181619763
166,Slovak prisoner functionaries,0.000753717,101.7485225,1.76E-05,4367.391206,,0.023297323
167,attitudes,0.000750756,102.1498139,0.002093363,36.63464488,,2.788339132
168,camp guards,0.000747135,102.6449471,0.000875232,87.62204557,,1.171451162
169,trauma-related dreams,0.000746973,102.6671807,0.000558608,137.286878,,0.747829524
170,shootings,0.000745775,102.8320328,0.001002834,76.47289661,,1.344685991
171,Greek prisoners,0.000737577,103.9750207,0.001163198,65.92997208,,1.5770524
172,metaphysical experiences,0.00072463,105.8327782,0.000297647,257.6527116,,0.410757479
173,French prisoners,0.000709545,108.0827621,0.000679306,112.8940489,,0.957382281
174,psychological distress prevention,0.000703582,108.9987701,0.000510247,150.299093,,0.725212428
175,post-conflict medical problems,0.000698694,109.7612958,0.000353333,217.0459965,,0.505705231
176,camp resistance,0.000657086,116.7116598,0.001388314,55.23936546,,2.112834911
177,camp liquidations,0.000656294,116.8526006,0.000970081,79.05481139,,1.4781213
178,aid giving,0.000651282,117.7517551,0.000603135,127.1517371,,0.926072721
179,attitudes toward prisoner functionaries,0.000639011,120.0129597,0.000471497,162.6513156,,0.737854221
180,dog attacks,0.000638099,120.1844237,0.000247569,309.770227,,0.387979261
181,typhus,0.0006368,120.4295812,0.000271188,282.7909965,,0.425860734
182,survivor guilt,0.000635454,120.6848223,0.000311829,245.9348202,,0.490718729
183,deportation experiences,0.00062518,122.668132,0.000616187,124.4582782,,0.985616496
184,female camp personnel,0.00062416,122.8685463,1.13E-05,6764.040607,,0.018164963
185,hiding (aid giving),0.000623615,122.9759448,0.000381574,200.9820261,,0.611875336
186,agricultural forced labor,0.000616635,124.3679725,0.000827476,92.6789791,,1.341922124
187,factory forced labor,0.000615611,124.5747231,0.001027146,74.6628342,,1.66849711
188,interviewee memory,0.000608836,125.9610317,0.000639735,119.877193,,1.050750594
189,Soviet armed forces,0.000602604,127.2637028,0.000716804,106.9882381,,1.189511156
190,loved ones' introductions,0.000597044,128.4488002,0.000965811,79.40435192,,1.617654412
191,lice,0.000584314,131.2472863,0.000426764,179.7002819,,0.730367726
192,camp infestations,0.000578435,132.5811181,0.000259027,296.0682343,,0.447805954
193,testimony-sharing motivations,0.000568635,134.8661902,0.000400747,191.3667726,,0.704752389
194,grandmothers,0.0005667,135.3265282,0.000192401,398.5927375,,0.339510772
195,prisoner identification numbers,0.000562302,136.3851577,0.00124252,61.72102268,,2.209703465
196,camp prisoner insignia,0.000558914,137.2117595,0.003157185,24.29050281,,5.648782183
197,transfer food,0.00054979,139.4888762,0.000999478,76.72969237,,1.817925654
198,corpse disposal forced labor,0.000543458,141.1141357,0.001885343,40.67673155,,3.469161124
199,camp corpse disposal,0.000543093,141.2090173,0.000819272,93.6070211,,1.50853019
200,suicide discussions,0.000520821,147.2476669,0.00023626,324.599,,0.453629453
201,childhood perceptions,0.000508453,150.8294099,0.000548976,139.6957054,,1.07969969
202,Slovak kapos,0.000508274,150.8824736,1.19E-12,64580793198,,2.33634E-09
203,post-conflict return journeys,0.000503598,152.2833441,0.000361022,212.4236054,,0.716885225
204,helplessness,0.000499854,153.4239154,0.000688806,111.3369874,,1.378013893
205,medical care provision,0.000498842,153.735305,0.000554455,138.3153087,,1.111484379
206,camp doctors,0.000492122,155.8345607,0.001126867,68.05557049,,2.28981345
207,forced march killings,0.000482531,158.9318358,0.000708769,108.2011256,,1.468855661
208,post-conflict adaptation,0.000481544,159.2576707,0.000379882,201.8774896,,0.788882758
209,German kapos,0.000468382,163.7329676,0.001909225,40.16793277,,4.076210955
210,military fortification forced labor,0.000463751,165.3679937,0.000136065,563.6250634,,0.29340071
211,construction forced labor,0.000462077,165.9671983,0.000935713,81.95851017,,2.025014826
212,language skills,0.000444884,172.3809996,0.000610419,125.6343466,,1.372084977
213,camp sexual assaults,0.000437702,175.2094415,0.000133758,573.3470558,,0.305590549
214,transfer guards,0.000433166,177.0442033,0.000444048,172.7057994,,1.025120198
215,camp suicide attempts,0.000431407,177.7660601,0.000243266,315.2494134,,0.563890217
216,camp maintenance forced labor,0.000424905,180.4865707,0.001346979,56.93452455,,3.170072502
217,camp sexual activities,0.00042122,182.0655064,0.000408767,187.6118074,,0.970437356
218,transfer experiences,0.000416564,184.1006048,0.000501088,153.0460578,,1.202909813
219,liberation,0.000416515,184.1220779,0.000481976,159.1150469,,1.157163206
220,self-preservation acts,0.000412785,185.7858029,0.000847452,90.49430185,,2.053011063
221,adaptation methods,0.000405331,189.2022423,0.000524688,146.1623101,,1.294466694
222,political prisoners,0.000403433,190.0927569,0.000740112,103.6189773,,1.834536122
223,forced march escapes,0.00039501,194.1460015,0.000489979,156.5161721,,1.24042135
224,International Red Cross,0.000393808,194.7385709,0.000396992,193.1768468,,1.008084427
225,diseases,0.000392546,195.3645335,0.000247129,310.3223656,,0.629553507
226,electrocutions,0.000386865,198.2337059,0.000292956,261.7784599,,0.757257515
227,pre-World War II family photographs (stills),0.000383133,200.1645733,0.000282645,271.3284044,,0.737720674
228,emotions,0.000382016,200.7496421,0.000539563,142.1328513,,1.412408463
229,attitudes toward Germany and/or Germans,0.000373903,205.1057428,0.000921196,83.25000718,,2.463732434
230,inter-Jewish relations,0.000372646,205.7974043,0.000283341,270.661477,,0.760349816
231,suicide decisions,0.000372302,205.9876798,0.000180102,425.8123058,,0.483752294
232,medical forced labor,0.000370506,206.9862337,0.000242845,315.7970763,,0.655440627
233,Jewish holiday awareness,0.000368593,208.0606113,0.000266582,287.6774179,,0.723242765
234,forced march environmental conditions,0.000357991,214.2222126,0.000261369,293.4154389,,0.730098639
235,family life,0.000353275,217.0819182,0.000236781,323.8844288,,0.670244998
236,famous SS (Schutzstaffel) personnel,0.000351839,217.9676551,0.00134057,57.20670274,,3.810176862
237,personal services forced labor,0.000344066,222.8920956,0.000787703,97.35858798,,2.289393265
238,sabotage,0.000342602,223.8446905,0.000161604,474.5537015,,0.471695173
239,interviewee photographs (stills),0.000340235,225.4018349,0.000634073,120.9475882,,1.863632325
240,forced march-related aid giving,0.000334471,229.2860535,0.000415288,184.6659304,,1.241626179
241,decisions,0.000332305,230.7808627,0.000308999,248.1869702,,0.929866957
242,shoe importance,0.000330779,231.8451152,0.000477188,160.7115774,,1.442616139
243,Czech prisoner functionaries,0.000328012,233.8011468,4.72E-05,1624.163505,,0.14395173
244,forced labor activities,0.00032668,234.7544303,0.001574982,48.69236224,,4.821175632
245,camp escapes,0.000325739,235.432992,0.000915257,83.79028551,,2.809788635
246,danger misconceptions,0.00032358,237.0036794,0.000432722,177.2259706,,1.337296552
247,camp epidemics,0.000323415,237.1242364,0.000255114,300.609258,,0.788812154
248,Jewish persecution awareness,0.000318073,241.1073029,0.00037895,202.3739279,,1.191395084
249,family members,0.000316524,242.2871261,0.000357492,214.5214699,,1.129430664
250,intergenerational genocide impact,0.000312744,245.2155453,0.000285402,268.7075692,,0.912574015
251,Tisha be-Av,0.000303701,252.5167795,1.89E-05,4057.985391,,0.062227129
252,Dutch prisoners,0.000300843,254.9154953,0.000446898,171.604152,,1.485485592
253,identity concealment,0.000299986,255.6438596,0.000594421,129.0157424,,1.981493536
254,passenger trains,0.000299341,256.1951162,0.000145823,525.9076788,,0.487148461
255,camp prayers,0.000296744,258.4367613,0.000323111,237.3475556,,1.088853688
256,forced march adaptation methods,0.000296037,259.0537632,0.000458318,167.328478,,1.54817498
257,infanticide,0.000294108,260.753026,1.19E-12,64580793198,,4.03763E-09
258,non-Jewish prisoners,0.000291695,262.9102376,0.000483089,158.7485197,,1.656142924
259,Holocaust testimony sharing reluctance,0.000289282,265.103202,0.000583074,131.5262986,,2.015590835
260,hospitals,0.000287863,266.4096658,0.000170088,450.880995,,0.590864704
261,civilian aid givers,0.000286448,267.7259729,7.56E-05,1013.815615,,0.264077579
262,deportation family interactions,0.000286335,267.8320461,8.66E-05,885.4729795,,0.302473426
263,post-World War II photographs (stills),0.000285098,268.9935653,0.000662872,115.6928871,,2.325065715
264,eugenics policy awareness,0.000285041,269.0478729,0.00058584,130.9054157,,2.055284507
265,selections,0.000281457,272.4735587,0.000228669,335.3731394,,0.812448961
266,siblings,0.000281368,272.5597159,0.00040348,190.0702268,,1.433994795
267,transfer-related aid giving,0.000280652,273.2553365,0.000416311,184.2121962,,1.483372665
268,forced march routes,0.000279538,274.3439232,0.000501742,152.8465532,,1.794897677
269,Italian prisoners,0.00027757,276.2896089,0.000345903,221.7084195,,1.246184558
270,Jewish identity,0.000276136,277.7241763,0.000757922,101.1840129,,2.744743644
271,Jewish religious observances,0.000275415,278.4512041,0.000436691,175.6151475,,1.585576234
272,camp smuggling,0.000274054,279.8335966,0.000681279,112.5670595,,2.485927924
273,forced march food,0.0002731,280.8117312,0.00066572,115.1979278,,2.437645681
274,"Perl, Gisella",0.000272043,281.9028989,1.19E-12,64580793198,,4.36512E-09
275,Jewish religious holidays,0.000271547,282.4177956,0.000532581,143.9961928,,1.961286546
276,protected groups,0.000270502,283.5082269,0.000136994,559.8042349,,0.506441733
277,prisoners of war,0.000269244,284.8332707,0.000351078,218.4406137,,1.303939162
278,first impressions,0.000266542,287.7207457,0.000189025,405.712057,,0.709174748
279,post-conflict family home returns,0.000266388,287.8872825,0.00029298,261.7573441,,1.099825044
280,performing arts,0.000265675,288.6589865,0.000445133,172.2845095,,1.675478471
281,waterway maintenance forced labor,0.000265471,288.8816386,0.000336112,228.1665835,,1.266099681
282,physical hygiene maintenance,0.000264751,289.6673443,9.92E-05,772.8713394,,0.374793746
283,forced march guards,0.000263581,290.9531056,0.000142313,538.8802411,,0.539921644
284,forced march food acquisition,0.000262632,292.0037629,0.000467724,163.9635138,,1.780906959
285,camp visitors,0.000258048,297.1911594,0.000261393,293.3877847,,1.012963644
286,concentration camps (stills),0.000257325,298.0257547,0.000526232,145.7334972,,2.045005167
287,road construction forced labor,0.000256561,298.9138967,0.000395498,193.9061994,,1.541538629
288,body searches,0.00025468,301.1215526,0.000523389,146.5249443,,2.055087303
289,Czechoslovak kapos,0.000253594,302.4113487,1.19E-12,64580793198,,4.68268E-09
290,forced labor companies,0.000250585,306.042378,0.000334599,229.1986138,,1.335271505
291,fear,0.000247911,309.3432192,7.94E-05,966.1918313,,0.320167496
292,"Hirsch, Fredy",0.000247027,310.4507426,0.000699304,109.6655846,,2.830885767
293,1940s photographs (stills),0.000245627,312.2192081,0.000389027,197.1319177,,1.583808506
294,sexual assault fears,0.000245422,312.4809367,2.83E-05,2705.842504,,0.115483786
295,prisoner tattoo removal,0.000245219,312.7391042,0.000107708,712.015116,,0.43923099
296,literary recitals,0.00024344,315.0246081,0.000264493,289.9494249,,1.086481231
297,transfer social relations,0.000243289,315.2200737,0.000124733,614.8282934,,0.512696109
298,camp escape attempts,0.000242731,315.9452189,0.000781496,98.13180324,,3.219600664
299,hiding,0.000242164,316.6851241,0.000227469,337.1431086,,0.939319583
300,migration to countries,0.000241007,318.2045021,0.00044043,174.1243201,,1.82745582
301,smell,0.000240797,318.4818818,0.00018429,416.1345697,,0.765333873
302,Rosh Ha-Shana,0.000240408,318.9981101,0.000310194,247.2308456,,1.290284428
303,escape decisions,0.000230113,333.269541,0.000706187,108.5967101,,3.068873272
304,forced march corpses,0.000229844,333.659626,0.00049193,155.8952224,,2.140281279
305,forced march experiences,0.000229759,333.7832135,0.000423952,180.8921777,,1.845205347
306,early personal aspirations,0.000227465,337.1491642,9.64E-05,795.6271986,,0.423752688
307,famous musicians and composers,0.000225665,339.8385704,1.19E-12,64580793198,,5.26222E-09
308,German prisoners,0.000224492,341.6144869,0.000564005,135.9732039,,2.51236624
309,mothers,0.00022392,342.4871592,7.80E-05,983.6558935,,0.348177814
310,shelter provision,0.000223345,343.3686217,0.000176744,433.9020851,,0.791350476
311,injuries (stills),0.000222113,345.2732126,0.000331297,231.4832555,,1.491568847
312,deportation from cities,0.000219909,348.7335087,0.000188139,407.6210094,,0.855533696
313,transfer family interactions,0.000219094,350.0299318,3.97E-05,1931.267764,,0.181243605
314,attitudes toward perpetrators,0.000218609,350.80785,0.000433267,177.0031878,,1.98192956
315,United States armed forces,0.000215958,355.1134753,0.000274966,278.9055924,,1.273238992
316,transfer adaptation methods,0.00021324,359.6391439,0.000560977,136.7072037,,2.630725625
317,escape discussions,0.000210597,364.153305,0.000409742,187.1655015,,1.945621934
318,forced march liberation,0.000209034,366.8764579,0.000122867,624.1656853,,0.587786972
319,forestry forced labor,0.00020861,367.6211347,0.000137001,559.7743999,,0.656730881
320,transfer food acquisition,0.000207072,370.3530168,0.00026983,284.214177,,1.30307721
321,post-World War II family photographs (stills),0.000206911,370.6398982,0.000191505,400.4574116,,0.925541362
322,Jewish dietary laws,0.000206856,370.7396496,0.000132829,577.3573332,,0.642132053
323,Czech kapos,0.000203948,376.0247119,6.61E-05,1160.057465,,0.324143177
324,"Zimetbaum, Mala",0.000203282,377.2577476,1.19E-12,64580793198,,5.84164E-09
325,forced march family interactions,0.00020313,377.5388782,3.03E-05,2534.814348,,0.148941432
326,transfer environmental conditions,0.000202952,377.870811,0.00019429,394.7166629,,0.95732166
327,dysentery,0.000202352,378.9907543,0.000132274,579.778188,,0.653682326
328,platform forced labor,0.000202217,379.2450385,0.001048195,73.16346279,,5.183530467
329,forced march shoes,0.000201151,381.2546207,0.000256589,298.8816187,,1.275604108
330,photographs (stills),0.000198156,387.0166149,0.00022602,339.3041144,,1.140618691
331,relationships,0.000197243,388.8083848,0.000241932,316.9882781,,1.226570229
332,migration experiences,0.000194395,394.50375,0.000216437,354.3281507,,1.113385288
333,liberation physical condition,0.000193335,396.6677502,0.000480652,159.5531761,,2.48611629
334,Holocaust testimony sharing willingness,0.000193332,396.6734252,0.000326062,235.1991695,,1.686542627
335,humor,0.000191914,399.603489,0.00022869,335.3433239,,1.191625002
336,housing conditions,0.00018844,406.9703384,0.000122824,624.3841482,,0.651794796
337,post-liberation deaths,0.000188359,407.1464005,0.000214542,357.4578991,,1.139005185
338,food acquisition,0.000187765,408.4338565,0.000113957,672.9683401,,0.606913925
339,camp commandants,0.000185397,413.6513972,0.000165897,462.2718825,,0.89482275
340,soldiers,0.000185396,413.6533229,0.000244697,313.406717,,1.319861064
341,arts-related forced labor,0.000181463,422.6180474,0.000129478,592.2986755,,0.713521851
342,Panstwowe Muzeum Auschwitz-Birkenau,0.000177775,431.385486,7.14E-05,1073.706292,,0.401772337
343,railroad forced labor,0.000176508,434.482487,0.000244334,313.8725857,,1.384263892
344,"Eichmann, Adolf",0.000175919,435.9362708,0.000137038,559.6235051,,0.778981345
345,camp abortions,0.00017485,438.6022654,3.78E-05,2027.650965,,0.216310535
346,LagerfÌ_hrer,0.000174493,439.4996993,0.00012284,624.3039623,,0.703983517
347,living conditions,0.000174139,440.3918685,4.73E-05,1622.840241,,0.271371055
348,ghetto living conditions,0.000172597,444.3268478,0.00019375,395.8169246,,1.122556465
349,camp Jewish religious texts,0.000169285,453.0205911,0.000102237,750.1174116,,0.60393291
350,deportation sanitary conditions,0.000168579,454.9173999,0.000145117,528.4680676,,0.860822872
351,Nazi Jewish holiday exploitation,0.000168122,456.1539597,0.000386088,198.632425,,2.296472793
352,Soviet prisoners,0.000167561,457.6805018,0.000507931,150.9844078,,3.031309713
353,mass execution survival,0.000164274,466.8402268,0.000165405,463.6469853,,1.006887226
354,prisoner medical personnel,0.000163503,469.0407699,0.000139386,550.1951472,,0.852498922
355,survivor reunions,0.00016348,469.1062772,0.000269297,284.7766228,,1.64727804
356,food,0.000163478,469.1121438,0.000164377,466.5475112,,1.005497045
357,resistance activities,0.000162964,470.5922904,0.000436562,175.6673579,,2.678882952
358,awareness,0.000162414,472.1845556,0.000247568,309.7719977,,1.524297093
359,famous camp personnel,0.000161884,473.7328353,0.000138918,552.0508591,,0.858132593
360,working life,0.000161361,475.2658766,0.00035351,216.9373999,,2.190797331
361,food sharing,0.000161346,475.3125198,0.000129536,592.0317017,,0.802849777
362,temporary identity concealment,0.000159924,479.5384375,0.00019089,401.747763,,1.193630635
363,forced march deaths,0.000159805,479.894313,0.000464694,165.0325138,,2.907877375
364,psychological reactions,0.000159571,480.5977372,4.88E-05,1570.471881,,0.30602123
365,cultural activities,0.000158147,484.92589,0.000138609,553.2782583,,0.876459327
366,suicide attempts,0.000155307,493.7943121,1.13E-05,6761.205427,,0.073033473
367,ghetto experiences,0.000153251,500.418084,0.000512916,149.5169035,,3.34689973
368,German (language),0.000153061,501.0406194,0.000249937,306.8360332,,1.632926271
369,liberation-related aid giving,0.000152461,503.0098314,8.98E-05,854.2902833,,0.588804346
370,trucks,0.000150946,508.0592829,0.0004145,185.0169901,,2.746014204
371,Shabbat,0.000150867,508.3253326,7.90E-05,971.0961712,,0.523455192
372,antisemitism,0.00015086,508.348769,0.00040358,190.0231562,,2.675193798
373,frostbite,0.000150183,510.6424223,5.67E-05,1352.480055,,0.377560039
374,Hungarian kapos,0.000150174,510.6699997,1.42E-05,5408.111543,,0.094426677
375,transfer physical condition,0.000149087,514.3941289,0.000205005,374.0863973,,1.375067719
376,migration from countries,0.000146624,523.03697,0.000190935,401.6524871,,1.302212701
377,transfer deaths,0.000146475,523.5661962,0.000646503,118.6222809,,4.413725587
378,camp betrayals,0.000145403,527.4283067,0.000291134,263.4166411,,2.002258872
379,gassings,0.000144865,529.3883241,0.000425689,180.1539716,,2.938532631
380,transfer sanitary conditions,0.000143811,533.2671287,0.00020223,379.2190195,,1.406224639
381,transfer thirst,0.0001418,540.8286791,0.000302306,253.6817598,,2.131917878
382,medical care,0.000140377,546.3120736,0.000221149,346.7779221,,1.575394622
383,child deaths,0.000139808,548.5359539,0.000130856,586.0631482,,0.93596732
384,creative works,0.000138612,553.2675004,0.000196109,391.0569299,,1.414800399
385,transfer escapes,0.000138607,553.2884785,0.000190902,401.7216656,,1.377293101
386,camp malnutrition,0.000137714,556.8766386,0.000184233,416.2643695,,1.337795592
387,physical condition,0.000137426,558.0409072,8.88E-05,863.4250176,,0.646310792
388,escapee capture,0.00013469,569.3790153,0.000198997,385.3813433,,1.477443123
389,German prisoner functionaries,0.000134192,571.491236,0.000406333,188.7360045,,3.027992658
390,secretarial forced labor,0.000133279,575.4052004,0.000141726,541.1133074,,1.063372851
391,camp bribery,0.000133092,576.2149843,0.000516843,148.380777,,3.88335333
392,deportation procedures,0.000131695,582.3269464,9.49E-05,807.7410021,,0.720932756
393,propaganda,0.000131512,583.1373289,5.67E-05,1352.358643,,0.431200209
394,post-World War II documents and artifacts (stills),0.000129563,591.910044,0.000612416,125.2247289,,4.726782394
395,dwarf prisoners,0.000128654,596.0905333,0.000460191,166.647242,,3.576960087
396,forced march physical condition,0.000127585,601.0852909,0.000336537,227.8788906,,2.637740114
397,typhoid fever,0.000127238,602.7267884,0.000148319,517.0597933,,1.165681022
398,wartime family interactions,0.000127055,603.5942302,0.00016067,477.3114194,,1.264571107
399,"Robota, Roza",0.000126164,607.8568586,1.89E-05,4056.666378,,0.149841471
400,Romanian prisoners,0.000126144,607.9546645,0.000159713,480.1719307,,1.266118708
401,occupation deceptions,0.000125984,608.722841,0.001526207,50.24849274,,12.11425075
402,Soviet prisoners of war,0.000125096,613.0461643,0.000847923,90.4441155,,6.778176346
403,ghetto procedures,0.000122597,625.5403611,0.000127521,601.3884445,,1.04016026
404,property seizure,0.000121496,631.2101089,0.000204894,374.288504,,1.686426652
405,mass execution coverups,0.000121033,633.6249424,0.000460196,166.6454339,,3.802234047
406,1940s documents and artifacts (stills),0.000119764,640.3409737,0.000328523,233.4376041,,2.74309264
407,family photographs (stills) ,0.000119056,644.1465712,0.000127584,601.0907158,,1.071629546
408,corpses,0.000118546,646.9172827,0.000321988,238.1752973,,2.716139289
409,writing,0.000117989,649.970877,0.000155843,492.0950495,,1.320823848
410,evasion,0.000117538,652.4679433,0.000304431,251.9110428,,2.590072813
411,injuries,0.000117514,652.5990579,6.20E-05,1237.625897,,0.527299129
412,attitudes toward Allied and/or neutral nations,0.000115664,663.0403473,3.96E-05,1937.030331,,0.342297349
413,Russian prisoners,0.000115404,664.5314148,0.000344954,222.3183601,,2.989098222
414,camp site destruction forced labor,0.000114432,670.1747464,0.000401586,190.9668456,,3.509377474
415,humiliation,0.000114159,671.7777214,7.28E-05,1053.751593,,0.637510515
416,childbearing,0.00011356,675.3236433,2.84E-05,2704.901627,,0.249666619
417,survival,0.000113546,675.4076622,0.000192339,398.7216865,,1.693932598
418,thirst,0.000111733,686.366249,0.000109158,702.5551646,,0.97695709
419,skilled forced labor,0.00011017,696.0998363,0.00059901,128.0271841,,5.437125258
420,denial,0.00011017,696.1035235,3.02E-05,2535.889002,,0.274500786
421,brutal treatment,0.000110017,697.0722422,0.000219512,349.3642848,,1.995259025
422,burnings,0.00010982,698.3240208,0.000126635,605.595948,,1.153118714
423,prisoner hair cutting forced labor,0.000109279,701.7753877,0.000257498,297.8258052,,2.356328349
424,forced labor squads,0.000109122,702.7846931,0.000549456,139.5737618,,5.035220691
425,food and eating,0.000109105,702.9004544,0.000197971,387.3781062,,1.814507436
426,Allied armed forces,0.000109084,703.03381,0.000184268,416.1844263,,1.689236227
427,criminal prisoners,0.000107326,714.5485251,0.000493234,155.4831985,,4.595663918
428,hunger,0.000106819,717.9425112,0.000224208,342.0466123,,2.098961034
429,post-liberation visits to sites of persecution (stills),0.000105092,729.7343702,8.60E-05,891.7561015,,0.818311609
430,non-Jewish kapos,0.000104924,730.906544,0.000476192,161.0475288,,4.538452404
431,German armed forces,0.000104817,731.6538405,0.000203309,377.2069037,,1.93966185
432,roundups,0.000104459,734.1628966,0.000280708,273.200874,,2.687264084
433,forced march executions,0.000103773,739.0108755,0.000189613,404.4522945,,1.827189227
434,forced march clothing,0.000102937,745.0133893,1.52E-05,5051.123153,,0.1474946
435,betrayals,0.0001022,750.3842277,0.000102569,747.6873687,,1.003606934
436,Holocaust education,0.000101287,757.1522694,0.000193702,395.9147346,,1.912412454
437,camp begging,0.000100423,763.6671529,3.02E-05,2535.875648,,0.301145347
438,interrogations,9.84E-05,778.9993113,0.000296773,258.4117448,,3.014566199
439,Belgian prisoners,9.84E-05,779.0404422,5.48E-05,1399.094912,,0.556817436
440,restitution,9.77E-05,784.7048156,0.000226779,338.1685029,,2.320455066
441,menstruation,9.60E-05,799.226172,1.19E-12,64580793198,,1.23756E-08
442,famous aid givers,9.56E-05,801.7828201,1.19E-12,64580793198,,1.24152E-08
443,killings,9.56E-05,802.1406397,0.000150883,508.2714292,,1.578173774
444,United States soldiers,9.31E-05,823.6221804,0.000256869,298.5557297,,2.75868824
445,criminal kapos,9.26E-05,828.1696899,0.001270956,60.34010158,,13.72502976
446,camp brothels,9.24E-05,829.9735296,0.000145147,528.3567067,,1.570858322
447,clothing,9.20E-05,833.2047746,7.09E-05,1081.45606,,0.770447183
448,police and security forces,9.17E-05,836.1181532,0.000316001,242.68802,,3.445238677
449,rescue,9.14E-05,839.1919943,8.98E-05,854.1596434,,0.982476754
450,deportation food,9.00E-05,852.2747919,6.07E-05,1262.737579,,0.674942131
451,interviewee original works,8.89E-05,862.6868889,0.000297679,257.6247586,,3.348617942
452,German forced labor civilian supervisors,8.87E-05,864.4196633,0.000171048,448.3512235,,1.927996664
453,farms,8.77E-05,874.8358982,0.000253248,302.8237727,,2.888927413
454,sexual activities,8.73E-05,878.726943,1.19E-12,64580793198,,1.36066E-08
455,Ukrainian prisoners,8.71E-05,880.8224177,0.000186638,410.9004095,,2.143639669
456,1990s photographs (stills),8.69E-05,882.0850793,0.000421733,181.8441767,,4.850774411
457,hiding places,8.69E-05,882.5755476,0.000149953,511.4240269,,1.725721713
458,revenge acts,8.62E-05,889.3182758,0.000411564,186.3371997,,4.772628746
459,coerced sexual activities,8.60E-05,891.6937747,9.83E-05,780.3141358,,1.142736923
460,ghetto food,8.53E-05,898.9447712,9.45E-06,8111.918818,,0.110817772
461,famous French politicians and diplomats,8.53E-05,899.1704014,5.67E-05,1352.71863,,0.664713549
462,social relations,8.42E-05,910.5473698,0.00011342,676.1571855,,1.346650438
463,forced labor,8.35E-05,918.2052307,0.000141756,540.9973383,,1.697245376
464,Jewish prayers,8.14E-05,941.634817,0.000240991,318.2259665,,2.959013142
465,transfer corpses,8.12E-05,944.0928999,0.00054091,141.7787445,,6.658917055
466,places (stills) ,8.07E-05,950.0304194,0.000119093,643.9451329,,1.475328209
467,famous forced labor factory managers,8.07E-05,950.0605312,1.89E-05,4056.225444,,0.234222812
468,Polish civilian laborers,8.00E-05,959.0026511,0.00026836,285.7715411,,3.355836789
469,post-conflict encounters,8.00E-05,959.0831531,0.000121488,631.2500763,,1.519339465
470,camp construction forced labor,8.00E-05,959.084761,0.00055007,139.417948,,6.879205834
471,famous writers and publishers,7.91E-05,969.8583311,0.00024864,308.4358069,,3.144441434
472,1930s photographs (stills),7.84E-05,978.3241933,0.000169249,453.1182377,,2.15909251
473,teeth extraction forced labor,7.82E-05,980.873838,0.000212635,360.6639844,,2.719633455
474,"""Mischlinge""",7.82E-05,980.8998303,3.78E-05,2029.49545,,0.483322015
475,World War II family photographs (stills),7.77E-05,987.2725742,6.80E-05,1127.030224,,0.875994763
476,deportation routes,7.65E-05,1002.8805,0.000303339,252.8177483,,3.966812089
477,camp Jewish religious objects,7.63E-05,1005.688059,0.000488757,156.9073659,,6.409438164
478,non-violent resistance,7.61E-05,1008.035428,8.24E-05,930.232311,,1.083638373
479,forced march stealing,7.53E-05,1017.874585,0.000132295,579.6875461,,1.75590211
480,transfer to ghettos,7.47E-05,1026.419248,0.000110264,695.506933,,1.475785789
481,attitudes toward Poland and/or Poles,7.46E-05,1027.584607,0.000344842,222.3905477,,4.620630767
482,deportation deaths,7.36E-05,1041.488041,0.000214691,357.2090903,,2.915625805
483,grandparents,7.33E-05,1046.441748,9.73E-05,788.0528785,,1.327882655
484,migration from Poland,7.31E-05,1049.697481,0.000192791,397.7860974,,2.63884909
485,physical health,7.31E-05,1049.747396,6.80E-05,1127.561084,,0.930989382
486,Christmas,7.29E-05,1052.611765,0.000117197,654.3655322,,1.608599037
487,aid recipients,7.27E-05,1054.836458,5.86E-05,1308.458389,,0.80616737
488,forced labor civilian supervisors,7.25E-05,1057.80873,0.000174356,439.8451397,,2.404957188
489,physical sensations,7.07E-05,1084.362335,3.31E-05,2317.761802,,0.467848911
490,weddings (stills),7.02E-05,1092.6096,0.000190088,403.4420794,,2.708219237
491,war crimes trials,7.00E-05,1095.397023,0.000218471,351.0280272,,3.120540066
492,camp covert economic activities,6.97E-05,1100.854676,0.000356736,214.9755692,,5.120836195
493,employment assistance,6.95E-05,1103.354463,0.000146996,521.7110313,,2.114876622
494,Yiddish (language),6.84E-05,1120.457428,8.41E-05,911.9085142,,1.228694996
495,Gestapo personnel,6.75E-05,1135.68975,0.00034794,220.4104214,,5.152613671
496,aid giving activities,6.75E-05,1135.69575,7.94E-05,965.982273,,1.175690054
497,escape attempts,6.62E-05,1159.138718,0.000260407,294.4993986,,3.935962938
498,famous Nazi medical personnel,6.59E-05,1162.858317,9.69E-05,791.6402915,,1.468922603
499,grandfathers,6.56E-05,1168.690675,8.88E-05,863.7070688,,1.353110003
500,post-conflict recovery,6.54E-05,1172.792414,9.31E-05,823.6116666,,1.423962847
501,camp experiences,6.52E-05,1175.471246,1.19E-12,64580793198,,1.82016E-08
502,rabbis,6.47E-05,1185.68194,0.000581193,131.951982,,8.985707695
503,flight,6.40E-05,1198.797788,5.67E-05,1352.429648,,0.886403067
504,sexual assaults,6.36E-05,1205.166044,1.42E-05,5409.911959,,0.222769992
505,educators,6.31E-05,1215.741812,6.62E-05,1159.207445,,1.048769844
506,commemoration,6.29E-05,1219.150903,0.000147044,521.5407743,,2.337594611
507,forced march brutal treatment,6.29E-05,1219.178614,7.08E-05,1082.452904,,1.126311001
508,World War II-era photographs (stills),6.19E-05,1239.672472,0.000401452,191.0304599,,6.489396891
509,memorials and museums,6.17E-05,1243.152214,0.000165372,463.7399636,,2.68070969
510,civilian laborers,6.15E-05,1247.346379,0.00012522,612.4406159,,2.036681347
511,stealing,6.11E-05,1254.601989,3.78E-05,2027.714397,,0.618727169
512,refugee camp experiences,6.04E-05,1269.159351,0.000105838,724.5974435,,1.751537163
513,escape preparations,6.04E-05,1269.322969,0.000113384,676.3687079,,1.876673114
514,resistance discussions,6.04E-05,1269.444609,0.000349517,219.4158618,,5.785564447
515,refugee experiences,5.93E-05,1292.165469,2.84E-05,2704.733364,,0.477742274
516,displaced persons camps (generic),5.86E-05,1307.812355,5.67E-05,1352.258104,,0.967132199
517,prison experiences,5.83E-05,1315.80291,2.83E-05,2705.658639,,0.486315195
518,Ukrainian camp guards,5.83E-05,1315.887078,0.000119131,643.7441118,,2.044115128
519,famous prisoner medical personnel,5.76E-05,1332.218465,1.19E-12,64580793198,,2.06287E-08
520,resistance fighters,5.69E-05,1348.67477,0.00016444,466.3687494,,2.891863513
521,forced labor personnel,5.69E-05,1348.690492,0.000244331,313.8764214,,4.296883743
522,camp sterilization medical experiments,5.69E-05,1348.700296,0.000325267,235.7740059,,5.720309543
523,identity,5.69E-05,1348.704317,5.67E-05,1352.71863,,0.997032411
524,inter-prisoner behavioral conduct,5.69E-05,1348.719639,0.000238117,322.0673727,,4.187694106
525,escape assistance,5.65E-05,1357.150165,3.97E-05,1932.494939,,0.702278768
526,people (stills) ,5.58E-05,1374.450835,0.000104538,733.6064964,,1.873553249
527,camp education,5.51E-05,1392.208262,0.000113399,676.2810353,,2.05862384
528,cigarette importance,5.47E-05,1401.233151,0.000348683,219.9409333,,6.370952099
529,military occupation conditions,5.40E-05,1419.574577,1.19E-12,64580793198,,2.19814E-08
530,businesses,5.38E-05,1424.275283,5.67E-05,1352.032802,,1.053432491
531,Allied military operations,5.33E-05,1438.588331,7.56E-05,1014.607954,,1.417876063
532,bystander responses,5.33E-05,1438.592131,4.25E-05,1803.396398,,0.797712656
533,Jewish soldiers,5.33E-05,1438.626053,0.000124785,614.5752891,,2.340845911
534,environmental conditions,5.31E-05,1445.501117,3.31E-05,2318.99539,,0.623330742
535,publications (stills),5.24E-05,1462.288374,0.000263843,290.6633451,,5.030866118
536,time awareness,5.23E-05,1467.297466,1.13E-05,6762.210734,,0.216984877
537,violent attacks,5.22E-05,1468.001894,8.37E-05,916.5292358,,1.601696745
538,male kapos,5.01E-05,1530.438761,0.000212604,360.7157276,,4.242783566
539,medical personnel,4.99E-05,1535.896204,1.19E-12,64580793198,,2.37826E-08
540,post-conflict,4.98E-05,1541.28451,0.000141739,541.063147,,2.848622232
541,migration policies,4.98E-05,1541.336379,8.50E-05,901.7974387,,1.709182476
542,famous camp escapees,4.98E-05,1541.372441,1.89E-05,4057.976073,,0.379837735
543,camp and prison artifacts (stills),4.90E-05,1563.762491,0.000566424,135.392558,,11.5498408
544,moving image footage,4.81E-05,1595.640928,1.89E-05,4055.282107,,0.393472238
545,fine arts (stills),4.80E-05,1598.388684,0.000430849,177.9964445,,8.979891077
546,post-conflict return visits,4.80E-05,1598.478541,0.000129471,592.3308555,,2.69862447
547,"Rumkowski, Chaim",4.80E-05,1598.899917,0.000834313,91.91950474,,17.39456627
548,air raid cleanup forced labor,4.71E-05,1629.196608,0.000108664,705.748301,,2.308466922
549,culture,4.69E-05,1634.775082,7.10E-05,1080.386256,,1.513139465
550,camp barracks (stills),4.69E-05,1634.805058,0.000127616,600.9409763,,2.720408697
551,criminal prisoner functionaries,4.69E-05,1634.85901,0.000296246,258.871103,,6.315339917
552,military,4.58E-05,1672.816814,9.45E-05,811.5667434,,2.061219028
553,punishments,4.58E-05,1673.294207,0.000142711,537.3771118,,3.113817411
554,covert activities,4.57E-05,1678.354972,1.89E-05,4056.309866,,0.413763994
555,mass executions,4.53E-05,1692.14007,0.0001224,626.5504983,,2.700724163
556,Nazi organizations,4.44E-05,1726.351282,8.98E-05,854.2949241,,2.020790752
557,Fascist organization members,4.41E-05,1739.926223,1.89E-05,4057.836039,,0.428781796
558,refugees,4.34E-05,1768.784818,1.19E-12,64580793198,,2.73887E-08
559,schools,4.26E-05,1798.263995,1.89E-05,4057.990956,,0.44314145
560,ghetto personnel,4.26E-05,1798.268917,2.83E-05,2705.395276,,0.664697293
561,discussions,4.26E-05,1798.350382,8.69E-05,882.054945,,2.038819001
562,personal preparations,4.15E-05,1845.987045,3.54E-05,2166.277575,,0.85214705
563,translation forced labor,4.10E-05,1869.102394,7.09E-05,1082.17855,,1.727166367
564,funerals,4.09E-05,1876.404813,1.19E-12,64580793198,,2.90552E-08
565,family occupations,4.09E-05,1876.473157,8.89E-05,862.7031669,,2.175108691
566,languages,4.00E-05,1916.432532,7.56E-05,1014.389749,,1.889246745
567,flight to countries,3.91E-05,1960.777257,1.19E-12,64580793198,,3.03616E-08
568,flight from countries,3.91E-05,1960.777257,1.19E-12,64580793198,,3.03616E-08
569,ships,3.89E-05,1970.659821,2.23E-05,3441.425546,,0.572628928
570,economics,3.87E-05,1979.771332,0.00017349,442.0405603,,4.478709669
571,1950s photographs (stills),3.86E-05,1988.846413,3.31E-05,2317.571538,,0.858159664
572,Roma prisoner functionaries,3.73E-05,2054.639963,0.000526238,145.7318147,,14.0987743
573,Passover,3.73E-05,2054.672939,0.000117459,652.9069588,,3.146961311
574,sanitary conditions,3.73E-05,2055.10815,0.000103944,737.7976732,,2.78546304
575,trial participants,3.73E-05,2055.172128,3.54E-05,2163.645486,,0.949865466
576,Jewish religious beliefs,3.72E-05,2061.633133,0.00014838,516.8459335,,3.988873666
577,covert movement,3.70E-05,2070.196081,6.81E-05,1126.882853,,1.837099638
578,rumors,3.68E-05,2083.500357,0.00011971,640.6276531,,3.252279772
579,children,3.66E-05,2095.017513,4.44E-05,1727.005922,,1.213092258
580,clothing (stills),3.63E-05,2114.105272,0.0001523,503.5421071,,4.1984677
581,means of transport,3.61E-05,2121.580297,7.09E-06,10812.65024,,0.196212792
582,famous Jewish resistance fighters,3.61E-05,2122.541002,1.89E-05,4052.348999,,0.523780406
583,transfer brutal treatment,3.61E-05,2124.539907,8.03E-05,954.7618484,,2.225204024
584,famous Jewish religious leaders,3.55E-05,2157.890048,2.06E-05,3724.758408,,0.579336916
585,objects (stills) ,3.55E-05,2157.923339,0.000141827,540.7275845,,3.990777243
586,Siemens (firm),3.55E-05,2157.934359,1.13E-05,6764.434467,,0.319011792
587,post-conflict relations,3.55E-05,2157.957934,1.19E-12,64580793198,,3.34149E-08
588,male homosexual prisoners,3.41E-05,2246.222605,0.000238265,321.8663479,,6.978743259
589,barter,3.38E-05,2271.519083,4.25E-05,1803.363516,,1.25960133
590,begging,3.29E-05,2332.930603,1.19E-12,64580793198,,3.61242E-08
591,mistreatment and death,3.25E-05,2358.652255,7.56E-05,1014.531154,,2.324869221
592,activities (stills) ,3.23E-05,2371.315885,1.13E-05,6762.752581,,0.350643596
593,flight attempts,3.20E-05,2396.25179,1.19E-12,64580793198,,3.71047E-08
594,military operations,3.20E-05,2397.629981,5.67E-05,1352.390532,,1.77288285
595,media coverage,3.20E-05,2397.69413,5.67E-05,1352.609718,,1.772642987
596,reunions (stills) ,3.20E-05,2397.707181,1.13E-05,6759.607666,,0.354710998
597,identification papers,3.20E-05,2397.708768,6.62E-05,1159.052588,,2.068679879
598,killing techniques,3.20E-05,2397.728688,4.02E-05,1908.757735,,1.256172349
599,transfer from ghettos,3.16E-05,2424.649659,5.86E-05,1309.147552,,1.852082796
600,black market activities,3.09E-05,2480.44431,0.000198455,386.4334,,6.418814496
601,Christian clergy and monastics,3.02E-05,2538.749523,8.03E-05,954.8111392,,2.658902289
602,political prisoner kapos,3.01E-05,2551.618067,0.000328516,233.4428093,,10.93037766
603,fine arts,2.97E-05,2582.04843,6.38E-05,1202.447945,,2.147326578
604,personal papers (stills) ,2.88E-05,2664.131627,0.000130998,585.4273501,,4.550746778
605,transfer from prisons,2.86E-05,2678.159649,1.19E-12,64580793198,,4.14699E-08
606,refugee camps (generic) ,2.84E-05,2697.381096,1.89E-05,4056.469603,,0.664957798
607,miscellaneous famous people,2.84E-05,2697.396323,1.19E-12,64580793198,,4.17678E-08
608,persecuted group insignia,2.84E-05,2697.500808,1.89E-05,4058.104802,,0.664719355
609,1980s photographs (stills),2.79E-05,2746.485195,0.000199556,384.3004261,,7.146713894
610,German civilian laborers,2.72E-05,2820.877059,1.89E-05,4057.594667,,0.695209179
611,social groups,2.70E-05,2839.371049,5.39E-05,1423.333903,,1.994873475
612,deportation to ghettos,2.69E-05,2851.835949,1.19E-12,64580793198,,4.41592E-08
613,marriages,2.67E-05,2876.944961,2.83E-05,2705.34085,,1.063431605
614,ghetto brutal treatment,2.67E-05,2877.147374,9.45E-06,8112.749548,,0.354645161
615,contact,2.62E-05,2931.989103,0.000104892,731.1287495,,4.010222693
616,ghetto liquidations,2.59E-05,2966.191772,8.78E-05,873.7176052,,3.394909012
617,armed forces,2.58E-05,2976.492205,0.000148379,516.8494887,,5.758914868
618,covert communications,2.56E-05,2997.009889,1.19E-12,64580793198,,4.64071E-08
619,mass graves,2.56E-05,2997.071141,0.000209744,365.6348686,,8.196896406
620,original works,2.49E-05,3082.956624,5.67E-05,1352.362959,,2.279681356
621,Jewish religious objects,2.37E-05,3236.993951,0.000232121,330.386594,,9.797594725
622,Appell,2.35E-05,3269.542003,5.86E-05,1308.343913,,2.498992789
623,population categories,2.35E-05,3269.574699,1.94E-05,3944.106213,,0.828977346
624,British armed forces,2.31E-05,3319.843056,1.19E-12,64580793198,,5.1406E-08
625,camp religious observances,2.31E-05,3319.90561,9.45E-06,8116.209094,,0.409046338
626,Christian religious observances,2.31E-05,3319.90561,9.45E-06,8116.209094,,0.409046338
627,military personnel,2.31E-05,3319.908499,2.84E-05,2704.649059,,1.227482171
628,documents and artifacts (stills),2.31E-05,3320.108744,0.000320073,239.6000689,,13.85687725
629,suicides,2.29E-05,3345.638081,2.83E-05,2705.449812,,1.236629142
630,Austrian prisoners,2.26E-05,3394.439912,9.92E-05,772.7493929,,4.392678847
631,deaths,2.22E-05,3452.744092,1.89E-05,4058.153892,,0.850816451
632,identity concealment (aid giving),2.17E-05,3533.464147,7.70E-05,995.46623,,3.549557022
633,executions and killings,2.13E-05,3594.8681,0.000188967,405.8363135,,8.857926165
634,professional training,2.13E-05,3595.986783,3.78E-05,2029.010296,,1.772286119
635,religious beliefs,2.13E-05,3596.052535,7.56E-05,1013.941064,,3.54660903
636,ghetto diseases,2.13E-05,3596.37866,1.19E-12,64580793198,,5.56881E-08
637,famous Zionist leaders,2.13E-05,3596.423972,0.00011811,649.3075749,,5.538860335
638,eugenics measures,2.13E-05,3596.428708,1.19E-12,64580793198,,5.56888E-08
639,Jewish organizations,2.13E-05,3596.445482,5.86E-05,1308.808239,,2.747878089
640,post-conflict searches,2.13E-05,3596.447323,1.19E-12,64580793198,,5.56891E-08
641,religious converts,2.13E-05,3596.475006,1.19E-12,64580793198,,5.56895E-08
642,Jews,2.13E-05,3596.497645,1.13E-05,6763.990899,,0.531712372
643,education,2.13E-05,3596.505092,1.19E-12,64580793198,,5.569E-08
644,ghetto covert activities,2.13E-05,3596.505997,5.67E-05,1352.231318,,2.659682518
645,Jehovah's Witness religious observances,2.13E-05,3596.506743,1.19E-12,64580793198,,5.569E-08
646,famous Christian religious leaders,2.13E-05,3596.525162,1.19E-12,64580793198,,5.56903E-08
647,religious identity,2.13E-05,3596.561823,7.57E-05,1013.586812,,3.548351043
648,communities,2.13E-05,3596.567282,1.19E-12,64580793198,,5.5691E-08
649,ghetto adaptation methods,2.13E-05,3596.577023,8.03E-05,954.7738371,,3.766941325
650,prison living conditions,2.13E-05,3596.596281,1.19E-12,64580793198,,5.56914E-08
651,famous Czech politicians and diplomats,2.13E-05,3596.628252,5.67E-05,1352.308015,,2.659622078
652,survivor organizations,2.13E-05,3596.645897,1.19E-12,64580793198,,5.56922E-08
653,famous Gestapo personnel,2.13E-05,3596.657781,1.19E-12,64580793198,,5.56924E-08
654,communist regime everyday life,2.13E-05,3596.667571,1.42E-05,5409.445229,,0.664886586
655,religion and philosophy,2.13E-05,3596.704618,1.19E-12,64580793198,,5.56931E-08
656,shoes,2.13E-05,3596.763326,7.09E-05,1082.297282,,3.323267449
657,political prisoner functionaries,2.10E-05,3657.717732,5.86E-05,1309.083793,,2.794105123
658,medical experiments,2.08E-05,3684.322091,0.000193705,395.9092858,,9.305975443
659,discriminatory measures,2.03E-05,3785.728686,6.38E-05,1201.93199,,3.14970291
660,malaria,2.03E-05,3786.178528,7.56E-05,1014.666643,,3.731450674
661,anti-Jewish measures,1.99E-05,3853.562393,0.000151742,505.393747,,7.62487153
662,World War II documents and artifacts (stills),1.95E-05,3923.583174,0.000612935,125.1186654,,31.35889566
663,collaborator treatment,1.78E-05,4315.753592,7.08E-05,1082.436276,,3.987074056
664,Jewish resistance groups,1.78E-05,4315.758416,2.55E-05,3007.143711,,1.435168662
665,family homes (stills),1.78E-05,4315.792928,2.84E-05,2699.566904,,1.598698266
666,covert weapons procurement,1.78E-05,4315.849275,6.62E-05,1159.229919,,3.723031304
667,transfer killings,1.74E-05,4403.979785,0.000179792,426.5473953,,10.32471382
668,captivity,1.73E-05,4434.060196,1.19E-12,64580793198,,6.86591E-08
669,releases,1.73E-05,4443.1238,1.19E-12,64580793198,,6.87995E-08
670,1910s photographs (stills),1.60E-05,4795.456122,6.62E-05,1159.130463,,4.137115085
671,arrests,1.49E-05,5137.872436,8.51E-05,901.6363294,,5.698386665
672,mining forced labor,1.49E-05,5138.661963,0.000640769,119.6836455,,42.93537301
673,ghetto religious observances,1.48E-05,5178.913905,1.19E-12,64580793198,,8.01928E-08
674,executions,1.42E-05,5394.691523,0.000158749,483.0872984,,11.16711522
675,Jewish ritual leaders and functionaries,1.42E-05,5398.013906,2.83E-05,2705.458282,,1.995230879
676,infestations,1.39E-05,5533.046886,7.09E-06,10815.36034,,0.511591543
677,burial sites (stills) ,1.37E-05,5594.634406,6.14E-05,1248.564372,,4.480853796
678,British prisoners of war,1.30E-05,5885.204397,0.000212615,360.6963033,,16.31623153
679,Jewish life,1.24E-05,6165.629043,0.000100167,765.6150898,,8.053170745
680,discrimination,1.24E-05,6165.966072,1.19E-12,64580793198,,9.54768E-08
681,refugee nationals,1.14E-05,6743.508931,1.19E-12,64580793198,,1.0442E-07
682,smuggling,1.07E-05,7190.896663,1.19E-12,64580793198,,1.11347E-07
683,judicial proceedings,1.07E-05,7192.673928,1.19E-12,64580793198,,1.11375E-07
684,corpse cremations,1.07E-05,7192.840597,1.19E-12,64580793198,,1.11377E-07
685,ghetto corpses,1.07E-05,7192.840597,1.19E-12,64580793198,,1.11377E-07
686,rescue transports,1.07E-05,7192.869854,1.19E-12,64580793198,,1.11378E-07
687,movement,1.07E-05,7192.869854,1.19E-12,64580793198,,1.11378E-07
688,anti-Roma prejudice,1.07E-05,7192.871929,1.19E-12,64580793198,,1.11378E-07
689,discrimination responses,1.07E-05,7192.880691,1.41E-05,5430.151313,,1.324618832
690,government officials,1.07E-05,7192.961327,1.19E-12,64580793198,,1.11379E-07
691,resistance,1.07E-05,7193.008556,4.16E-05,1844.371588,,3.899977967
692,ghetto medical care,1.07E-05,7193.015906,1.42E-05,5410.148798,,1.329541233
693,Judaism,1.07E-05,7193.021316,1.19E-12,64580793198,,1.1138E-07
694,deportation from regions,1.07E-05,7193.141122,1.19E-12,64580793198,,1.11382E-07
695,religious objects (stills) ,1.07E-05,7193.149094,1.19E-12,64580793198,,1.11382E-07
696,deportation to cities,1.07E-05,7193.265636,1.19E-12,64580793198,,1.11384E-07
697,1990s documents and artifacts (stills),1.07E-05,7193.364596,8.11E-06,9454.106331,,0.760871979
698,famous German Nazi politicians and diplomats,1.07E-05,7193.422869,2.84E-05,2701.760341,,2.662494804
699,Zionism,1.07E-05,7194.363344,2.84E-05,2704.590814,,2.660056118
700,prison brutal treatment,1.06E-05,7202.248718,5.67E-05,1352.763788,,5.324099285
701,forced labor battalion experiences,1.02E-05,7547.800261,0.000127598,601.0237103,,12.55824043
702,Soviet concentration camps (generic),1.02E-05,7552.794888,1.19E-12,64580793198,,1.16951E-07
703,homosexual kapos,1.02E-05,7553.427007,0.000401044,191.2248229,,39.50024318
704,ghetto executions,9.77E-06,7847.027524,1.19E-12,64580793198,,1.21507E-07
705,prison procedures,9.60E-06,7992.226622,1.13E-05,6763.00791,,1.181756214
706,ghetto deaths,9.60E-06,7992.476941,2.84E-05,2704.411997,,2.955347391
707,ghetto prayers,9.48E-06,8092.116198,9.44E-06,8121.374566,,0.996397363
708,events (stills) ,8.00E-06,9590.955234,1.19E-12,64580793198,,1.48511E-07
709,Zionist organizations,7.31E-06,10489.71737,1.42E-05,5410.202178,,1.938877148
710,civil defense,7.11E-06,10789.22073,1.19E-12,64580793198,,1.67065E-07
711,Jewish schools,7.11E-06,10789.32822,1.19E-12,64580793198,,1.67067E-07
712,religious sites (stills) ,7.11E-06,10789.35384,1.13E-05,6760.655229,,1.595903574
713,military service,7.11E-06,10789.4924,0.000436597,175.6530543,,61.42502013
714,displaced persons camp experiences,7.11E-06,10789.53512,3.78E-05,2028.015974,,5.320241682
715,quarantine,7.11E-06,10789.56844,1.19E-12,64580793198,,1.67071E-07
716,prison covert activities,7.11E-06,10789.57957,1.19E-12,64580793198,,1.67071E-07
717,escapes,7.11E-06,10789.58914,7.28E-05,1053.95127,,10.23727515
718,Czech resistance groups,7.11E-06,10789.6262,1.19E-12,64580793198,,1.67072E-07
719,Jewish religious texts,7.11E-06,10789.64966,8.50E-05,901.8086254,,11.96445605
720,correspondence (stills),7.11E-06,10789.71112,2.83E-05,2705.395276,,3.988219841
721,resistance groups,7.11E-06,10789.73791,0.00012001,639.029439,,16.88457096
722,looting,7.11E-06,10789.79296,3.97E-05,1931.965298,,5.58487928
723,military units,7.11E-06,10789.88422,5.86E-05,1308.9131,,8.243392336
724,Roma kapos,7.11E-06,10790.00799,0.000769874,99.61315149,,108.3191107
725,study,7.11E-06,10790.11642,1.42E-05,5409.40232,,1.9946966
726,Austrian kapos,7.11E-06,10790.20886,0.000174862,438.5729643,,24.60299594
727,1980s documents and artifacts (stills),5.71E-06,13427.31346,1.19E-12,64580793198,,2.07915E-07
728,trial procedures,5.34E-06,14372.91576,5.67E-05,1351.589153,,10.63408634
729,political police,5.34E-06,14372.91576,1.42E-05,5409.445229,,2.657003657
730,prayers,5.33E-06,14385.53413,1.19E-12,64580793198,,2.22753E-07
731,games,5.33E-06,14385.55127,0.000414791,184.8872429,,77.80715989
732,protection,5.33E-06,14386.10711,1.89E-05,4057.716733,,3.545369984
733,child survivor organizations,5.33E-06,14386.12936,1.19E-12,64580793198,,2.22762E-07
734,1920s photographs (stills),5.33E-06,14386.18306,1.19E-12,64580793198,,2.22763E-07
735,1970s documents and artifacts (stills),5.33E-06,14386.18306,0.000124853,614.2402323,,23.42110189
736,1930s documents and artifacts (stills),5.33E-06,14386.32253,1.19E-12,64580793198,,2.22765E-07
737,transfer to prisons,5.33E-06,14386.68269,1.19E-12,64580793198,,2.2277E-07
738,1960s documents and artifacts (stills),5.33E-06,14386.94437,1.89E-05,4052.176113,,3.550424257
739,famous Jewish ghetto police,4.26E-06,17981.57688,2.83E-05,2705.842496,,6.645463255
740,sports organizations,4.26E-06,17982.21171,1.19E-12,64580793198,,2.78445E-07
741,organizations (stills),4.26E-06,17982.21171,1.19E-12,64580793198,,2.78445E-07
742,guilt,4.26E-06,17982.79312,1.19E-12,64580793198,,2.78454E-07
743,captives,4.26E-06,17982.9317,3.46E-05,2213.502297,,8.124198345
744,prisons,3.56E-06,21569.88788,1.19E-12,64580793198,,3.33998E-07
745,army chaplains,3.55E-06,21578.95734,1.19E-12,64580793198,,3.34139E-07
746,RELATIONSHIPS,3.55E-06,21578.9677,1.19E-12,64580793198,,3.34139E-07
747,I. G. Farben,3.55E-06,21581.22278,6.38E-05,1202.056473,,17.95358477
748,malnutrition,3.05E-06,25174.94206,1.19E-12,64580793198,,3.89821E-07
749,prison inmate physical condition,3.05E-06,25174.94206,1.19E-12,64580793198,,3.89821E-07
750,famous ghetto personnel,3.05E-06,25175.49158,1.13E-05,6761.882711,,3.723148219
751,political activities,3.05E-06,25175.62785,0.000103961,737.6765281,,34.12827559
752,Zionist youth organizations,3.05E-06,25175.62785,1.42E-05,5410.202178,,4.653361745
753,famous child care-givers,3.05E-06,25176.12204,1.19E-12,64580793198,,3.89839E-07
754,refugee organizations,3.05E-06,25176.33836,1.19E-12,64580793198,,3.89843E-07
755,prison adaptation methods,2.67E-06,28772.327,1.19E-12,64580793198,,4.45525E-07
756,JudenrÌ_te,2.37E-06,32368.79332,1.89E-05,4056.835911,,7.978827348
757,ghettoization,2.37E-06,32368.86618,7.09E-06,10820.68889,,2.991386824
758,ghetto inhabitant physical condition,2.37E-06,32369.47191,1.19E-12,64580793198,,5.01224E-07
759,1950s documents and artifacts (stills),2.13E-06,35965.44294,1.19E-12,64580793198,,5.56906E-07
760,epidemics,2.13E-06,35966.80318,1.19E-12,64580793198,,5.56927E-07
761,fascist political parties,1.94E-06,39561.5688,1.19E-12,64580793198,,6.1259E-07
762,nationalist political parties,1.94E-06,39561.5688,1.19E-12,64580793198,,6.1259E-07
763,bribery,1.52E-06,50351.10545,3.78E-05,2029.057038,,24.81502713
764,corpse disposal,1.12E-12,68527399266,2.23E-05,3444.164457,,19896668.73
765,1970s photographs (stills),1.12E-12,68527399266,1.42E-05,5408.564011,,12670165.15
766,ghetto suicides,1.12E-12,68527399266,1.19E-12,64580793198,,1.061111143
767,prison suicides,1.12E-12,68527399266,1.19E-12,64580793198,,1.061111143
768,aid organizations,1.12E-12,68527399266,1.89E-05,4057.050581,,16890940.33
769,movement (stills) ,1.12E-12,68527399266,1.19E-12,64580793198,,1.061111143
770,1960s photographs (stills),1.12E-12,68527399266,1.89E-05,4058.383538,,16885392.58
771,Jewish sites,1.12E-12,68527399266,4.05E-06,18939.17095,,3618289.283
772,scouting organizations,1.12E-12,68527399266,1.13E-05,6764.010433,,10131178.82
773,Polish armed forces,1.12E-12,68527399266,1.19E-12,64580793198,,1.061111143
774,gay male sexual activities,1.12E-12,68527399266,6.80E-05,1127.173076,,60795809.21
775,ghetto escapes,1.12E-12,68527399266,1.19E-12,64580793198,,1.061111143
776,political ideologies,1.12E-12,68527399266,0.000113355,676.5448691,,101290250.5
777,youth organizations,1.12E-12,68527399266,1.19E-12,64580793198,,1.061111143
778,politics,1.12E-12,68527399266,1.19E-12,64580793198,,1.061111143
779,Jewish youth organizations,1.12E-12,68527399266,3.97E-05,1932.283362,,35464466.86
780,famous Israeli politicians and diplomats,1.12E-12,68527399266,2.84E-05,2704.555536,,25337767.46
781,famous Austrian politicians and diplomats,1.12E-12,68527399266,1.19E-12,64580793198,,1.061111143
782,famous Islamic religious leaders,1.12E-12,68527399266,7.09E-05,1082.16303,,63324469.02
783,prison food,1.12E-12,68527399266,1.19E-12,64580793198,,1.061111143
784,famous Holocaust survivors,1.12E-12,68527399266,1.42E-05,5407.871777,,12671787
785,anti-Jewish economic measures,1.12E-12,68527399266,1.19E-12,64580793198,,1.061111143
786,ghettos (stills),1.12E-12,68527399266,9.44E-06,8120.055343,,8439277.366
787,ghetto guards,1.12E-12,68527399266,1.82E-05,4208.729671,,16282204.99
788,national holidays and memorial days,1.12E-12,68527399266,1.19E-12,64580793198,,1.061111143
789,refugee children transports,1.12E-12,68527399266,1.19E-12,64580793198,,1.061111143
790,deportation to countries,1.12E-12,68527399266,1.19E-12,64580793198,,1.061111143
791,censorship,1.12E-12,68527399266,1.19E-12,64580793198,,1.061111143
792,Hasidic rebbes,1.12E-12,68527399266,7.80E-05,983.5478627,,69673680.22
793,famous United States politicians and diplomats,1.12E-12,68527399266,1.19E-12,64580793198,,1.061111143
794,"famous film, theater, television, and radio personnel",1.12E-12,68527399266,1.19E-12,64580793198,,1.061111143
795,famous collaborators,1.12E-12,68527399266,5.67E-05,1352.735537,,50658386.2
796,prison sanitary conditions,1.12E-12,68527399266,1.19E-12,64580793198,,1.061111143
797,famous Polish politicians and diplomats,1.12E-12,68527399266,6.61E-05,1161.073744,,59020712.17
798,prison executions,1.12E-12,68527399266,1.19E-12,64580793198,,1.061111143
799,prison escapes,1.12E-12,68527399266,1.19E-12,64580793198,,1.061111143
800,religious conversions,1.12E-12,68527399266,1.19E-12,64580793198,,1.061111143
801,religions,1.12E-12,68527399266,2.84E-05,2704.544715,,25337868.84
802,Armia Krajowa,1.12E-12,68527399266,1.19E-12,64580793198,,1.061111143
803,ghetto facilities,1.12E-12,68527399266,1.19E-12,64580793198,,1.061111143
804,currency (stills) ,1.12E-12,68527399266,6.15E-05,1247.868586,,54915557.62
805,famous Hungarian politicians and diplomats,1.12E-12,68527399266,1.42E-05,5403.77761,,12681387.76
806,camp religious objects,1.12E-12,68527399266,1.19E-12,64580793198,,1.061111143
807,Hasidism,1.12E-12,68527399266,7.80E-05,983.2896719,,69691975.04
808,Christian religious texts,1.12E-12,68527399266,1.19E-12,64580793198,,1.061111143
809,vocational training,1.12E-12,68527399266,0.000170098,450.8544691,,151994499.3
810,forced labor squads (stills),1.12E-12,68527399266,1.13E-05,6763.592582,,10131804.72
811,famous Hungarian fascists,1.12E-12,68527399266,1.19E-12,64580793198,,1.061111143
812,restricted housing,1.12E-12,68527399266,1.19E-12,64580793198,,1.061111143
813,Christian religious holidays,1.12E-12,68527399266,2.84E-05,2704.71867,,25336239.22
814,deportation to prisons,1.12E-12,68527399266,1.19E-12,64580793198,,1.061111143
815,military buildings and installations,1.12E-12,68527399266,1.19E-12,64580793198,,1.061111143
816,deceptions,1.12E-12,68527399266,1.13E-05,6764.135639,,10130991.29
817,internment camps (generic),1.12E-12,68527399266,1.19E-12,64580793198,,1.061111143
818,Christianity,1.12E-12,68527399266,1.42E-05,5407.733306,,12672111.47
819,famous Nazi exposers,1.12E-12,68527399266,1.19E-12,64580793198,,1.061111143
820,Jewish cultures,1.12E-12,68527399266,1.19E-12,64580793198,,1.061111143
821,French armed forces,1.12E-12,68527399266,1.19E-12,64580793198,,1.061111143
822,Jewish religious observances (stills),1.12E-12,68527399266,1.19E-12,64580793198,,1.061111143
823,Holocaust- and tolerance education centers,1.12E-12,68527399266,1.19E-12,64580793198,,1.061111143
824,transfer routes,1.12E-12,68527399266,1.19E-12,64580793198,,1.061111143
825,Roma life,1.12E-12,68527399266,2.83E-05,2705.842504,,25325716.18
826,motivations,1.12E-12,68527399266,1.13E-05,6760.397597,,10136593.05
827,famous JudenrÌ_te members,1.12E-12,68527399266,1.19E-12,64580793198,,1.061111143
828,famous United States military personnel,1.12E-12,68527399266,1.19E-12,64580793198,,1.061111143
829,paramilitary organizations,1.12E-12,68527399266,5.67E-05,1352.551918,,50665263.47
830,famous fine artists,1.12E-12,68527399266,1.19E-12,64580793198,,1.061111143
831,famous Soviet military personnel,1.12E-12,68527399266,1.19E-12,64580793198,,1.061111143
832,underground publications,1.12E-12,68527399266,1.19E-12,64580793198,,1.061111143
833,post-conflict reunions,1.12E-12,68527399266,0.000113398,676.2873658,,101328817.8
834,famous Polish resistance fighters,1.12E-12,68527399266,1.13E-05,6765.680389,,10128678.17
835,military uniforms,1.12E-12,68527399266,5.67E-05,1352.246168,,50676719.13
836,Nuremberg Trials (Germany)(generic),1.12E-12,68527399266,9.44E-06,8120.055343,,8439277.366
837,Soviet resistance groups,1.12E-12,68527399266,1.19E-12,64580793198,,1.061111143
838,Polish resistance groups,1.12E-12,68527399266,8.51E-05,901.6938401,,75998522.14
839,deportation from countries,1.12E-12,68527399266,3.31E-05,2319.411492,,29545166.73
840,U.S. prisoners of war,1.12E-12,68527399266,1.19E-12,64580793198,,1.061111143
841,reflections,1.12E-12,68527399266,1.19E-12,64580793198,,1.061111143
842,prison guards,1.12E-12,68527399266,2.84E-05,2705.094872,,25332715.67
843,post-conflict trials,1.12E-12,68527399266,1.19E-12,64580793198,,1.061111143
844,war veterans,1.12E-12,68527399266,1.19E-12,64580793198,,1.061111143
845,2010s documents and artifacts (stills) ,1.12E-12,68527399266,1.19E-12,64580793198,,1.061111143
846,famous war crimes trial participants,1.12E-12,68527399266,1.19E-12,64580793198,,1.061111143
847,Jewish education,1.12E-12,68527399266,1.42E-05,5406.951977,,12673942.65
848,Christian sites,1.12E-12,68527399266,4.73E-05,1622.939199,,42224255.43
849,Sabbatarians,1.12E-12,68527399266,1.19E-12,64580793198,,1.061111143
850,United Nations,1.12E-12,68527399266,1.19E-12,64580793198,,1.061111143
851,migration attempts,1.12E-12,68527399266,1.19E-12,64580793198,,1.061111143
852,covert economic activities,1.12E-12,68527399266,2.84E-05,2704.998011,,25333622.79
853,prisoner of war camps (generic),1.12E-12,68527399266,7.56E-05,1014.161207,,67570519.17
854,Italian armed forces,1.12E-12,68527399266,3.03E-05,2534.935661,,27033190.75